Model,R² Score,RMSE
Linear Regression,0.827667,831.285155
Ridge,0.827649,831.329431
Lasso,0.827657,831.309812
SVR,0.810893,870.801398
Random Forest,0.8834621993386925,683.5955403762132
Gradient Boosting,0.8970705574714117,642.4445101089706
XGBoost,0.8958286941734239,646.3084977103414
