Model,R² Score,RMSE
Linear Regression,0.8276670090367212,831.2851545662687
Ridge,0.8276486507036387,831.3294310662533
Lasso,0.8276567854700154,831.3098119842716
SVR,0.8108934328883007,870.8013976309537
